"attack","ip_src","sport","ip_dst","dport","timestamp"
"rpc-portmap-decode","202.77.162.213","56577","172.16.112.194","111","2000-03-07 07:18:05"
"rpc-portmap-decode","202.77.162.213","56577","172.16.112.194","111","2000-03-07 07:18:00"
"rpc-portmap-decode","202.77.162.213","56577","172.16.112.194","111","2000-03-07 07:17:55"
"rpc-portmap-decode","202.77.162.213","56577","172.16.112.194","111","2000-03-07 07:17:50"
"rpc-portmap-decode","202.77.162.213","56577","172.16.112.194","111","2000-03-07 07:17:45"
"rpc-portmap-decode","202.77.162.213","56577","172.16.112.194","111","2000-03-07 07:17:40"
"rpc-portmap-decode","202.77.162.213","56577","172.16.112.194","111","2000-03-07 07:17:35"
"rpc-portmap-decode","202.77.162.213","56577","172.16.112.194","111","2000-03-07 07:17:30"
"rpc-portmap-decode","202.77.162.213","56577","172.16.112.194","111","2000-03-07 07:17:25"
"rpc-portmap-decode","202.77.162.213","56577","172.16.112.194","111","2000-03-07 07:17:20"
"rpc-portmap-decode","202.77.162.213","56577","172.16.112.194","111","2000-03-07 07:17:15"
"rpc-portmap-decode","202.77.162.213","56577","172.16.112.194","111","2000-03-07 07:17:10"
"rpc-portmap-decode","202.77.162.213","56413","172.16.112.105","111","2000-03-07 07:17:05"
"rpc-portmap-decode","202.77.162.213","56413","172.16.112.105","111","2000-03-07 07:17:00"
"rpc-portmap-decode","202.77.162.213","56413","172.16.112.105","111","2000-03-07 07:16:55"
"rpc-portmap-decode","202.77.162.213","56413","172.16.112.105","111","2000-03-07 07:16:50"
"rpc-portmap-decode","202.77.162.213","56413","172.16.112.105","111","2000-03-07 07:16:45"
"rpc-portmap-decode","202.77.162.213","56413","172.16.112.105","111","2000-03-07 07:16:40"
"rpc-portmap-decode","202.77.162.213","56413","172.16.112.105","111","2000-03-07 07:16:35"
"rpc-portmap-decode","202.77.162.213","56413","172.16.112.105","111","2000-03-07 07:16:30"
"rpc-portmap-decode","202.77.162.213","56413","172.16.112.105","111","2000-03-07 07:16:25"
"rpc-portmap-decode","202.77.162.213","56413","172.16.112.105","111","2000-03-07 07:16:20"
"rpc-portmap-decode","202.77.162.213","56413","172.16.112.105","111","2000-03-07 07:16:15"
"rpc-portmap-decode","202.77.162.213","56413","172.16.112.105","111","2000-03-07 07:16:10"
"rpc-portmap-decode","202.77.162.213","56263","172.16.112.100","111","2000-03-07 07:16:05"
"rpc-portmap-decode","202.77.162.213","56263","172.16.112.100","111","2000-03-07 07:16:00"
"rpc-portmap-decode","202.77.162.213","56263","172.16.112.100","111","2000-03-07 07:15:55"
"rpc-portmap-decode","202.77.162.213","56263","172.16.112.100","111","2000-03-07 07:15:50"
"rpc-portmap-decode","202.77.162.213","56263","172.16.112.100","111","2000-03-07 07:15:45"
"rpc-portmap-decode","202.77.162.213","56263","172.16.112.100","111","2000-03-07 07:15:40"
"rpc-portmap-decode","202.77.162.213","56263","172.16.112.100","111","2000-03-07 07:15:35"
"rpc-portmap-decode","202.77.162.213","56263","172.16.112.100","111","2000-03-07 07:15:30"
"rpc-portmap-decode","202.77.162.213","56263","172.16.112.100","111","2000-03-07 07:15:25"
"rpc-portmap-decode","202.77.162.213","56263","172.16.112.100","111","2000-03-07 07:15:20"
"rpc-portmap-decode","202.77.162.213","56263","172.16.112.100","111","2000-03-07 07:15:15"
"rpc-portmap-decode","202.77.162.213","56263","172.16.112.100","111","2000-03-07 07:15:10"
"rpc-portmap-decode","202.77.162.213","56254","172.16.112.10","111","2000-03-07 07:15:10"
"rpc-portmap-decode","202.77.162.213","56260","172.16.112.50","111","2000-03-07 07:15:10"
"rpc-portmap-decode","202.77.162.213","55884","172.16.113.148","111","2000-03-07 07:14:04"
"rpc-portmap-decode","202.77.162.213","55884","172.16.113.148","111","2000-03-07 07:13:59"
"rpc-portmap-decode","202.77.162.213","55884","172.16.113.148","111","2000-03-07 07:13:54"
"rpc-portmap-decode","202.77.162.213","55884","172.16.113.148","111","2000-03-07 07:13:49"
"rpc-portmap-decode","202.77.162.213","55884","172.16.113.148","111","2000-03-07 07:13:44"
"rpc-portmap-decode","202.77.162.213","55884","172.16.113.148","111","2000-03-07 07:13:39"
"rpc-portmap-decode","202.77.162.213","55884","172.16.113.148","111","2000-03-07 07:13:34"
"rpc-portmap-decode","202.77.162.213","55884","172.16.113.148","111","2000-03-07 07:13:29"
"rpc-portmap-decode","202.77.162.213","55884","172.16.113.148","111","2000-03-07 07:13:24"
"rpc-portmap-decode","202.77.162.213","55884","172.16.113.148","111","2000-03-07 07:13:19"
"rpc-portmap-decode","202.77.162.213","55884","172.16.113.148","111","2000-03-07 07:13:14"
"rpc-portmap-decode","202.77.162.213","55884","172.16.113.148","111","2000-03-07 07:13:09"
"rpc-portmap-decode","202.77.162.213","55485","172.16.113.105","111","2000-03-07 07:13:04"
"rpc-portmap-decode","202.77.162.213","55485","172.16.113.105","111","2000-03-07 07:12:59"
"rpc-portmap-decode","202.77.162.213","55485","172.16.113.105","111","2000-03-07 07:12:54"
"rpc-portmap-decode","202.77.162.213","55485","172.16.113.105","111","2000-03-07 07:12:49"
"rpc-portmap-decode","202.77.162.213","55485","172.16.113.105","111","2000-03-07 07:12:44"
"rpc-portmap-decode","202.77.162.213","55485","172.16.113.105","111","2000-03-07 07:12:39"
"rpc-portmap-decode","202.77.162.213","55485","172.16.113.105","111","2000-03-07 07:12:34"
"rpc-portmap-decode","202.77.162.213","55485","172.16.113.105","111","2000-03-07 07:12:29"
"rpc-portmap-decode","202.77.162.213","55485","172.16.113.105","111","2000-03-07 07:12:24"
"rpc-portmap-decode","202.77.162.213","55485","172.16.113.105","111","2000-03-07 07:12:19"
"rpc-portmap-decode","202.77.162.213","55485","172.16.113.105","111","2000-03-07 07:12:14"
"rpc-portmap-decode","202.77.162.213","55484","172.16.113.50","111","2000-03-07 07:12:09"
"rpc-portmap-decode","202.77.162.213","55485","172.16.113.105","111","2000-03-07 07:12:09"
"rpc-portmap-decode","202.77.162.213","54793","172.16.115.87","111","2000-03-07 07:09:02"
"rpc-portmap-decode","202.77.162.213","54793","172.16.115.87","111","2000-03-07 07:08:57"
"rpc-portmap-decode","202.77.162.213","54793","172.16.115.87","111","2000-03-07 07:08:52"
"rpc-portmap-decode","202.77.162.213","54793","172.16.115.87","111","2000-03-07 07:08:47"
"rpc-portmap-decode","202.77.162.213","54793","172.16.115.87","111","2000-03-07 07:08:42"
"rpc-portmap-decode","202.77.162.213","54793","172.16.115.87","111","2000-03-07 07:08:37"
"rpc-portmap-decode","202.77.162.213","54793","172.16.115.87","111","2000-03-07 07:08:32"
"rpc-portmap-decode","202.77.162.213","54793","172.16.115.87","111","2000-03-07 07:08:27"
"rpc-portmap-decode","202.77.162.213","54793","172.16.115.87","111","2000-03-07 07:08:22"
"rpc-portmap-decode","202.77.162.213","54793","172.16.115.87","111","2000-03-07 07:08:17"
"rpc-portmap-decode","202.77.162.213","54793","172.16.115.87","111","2000-03-07 07:08:12"
"rpc-portmap-decode","202.77.162.213","54790","172.16.115.20","111","2000-03-07 07:08:07"
"rpc-portmap-decode","202.77.162.213","54793","172.16.115.87","111","2000-03-07 07:08:07"
