03/07-10:51:36.029745 ,"ICMP PING",202.77.162.213,,172.16.115.1,
03/07-10:51:36.037675 ,"ICMP Echo Reply",172.16.115.1,,202.77.162.213,
03/07-10:51:36.056317 ,"ICMP PING",202.77.162.213,,172.16.115.2,
03/07-10:51:36.081551 ,"ICMP PING",202.77.162.213,,172.16.115.3,
03/07-10:51:36.106883 ,"ICMP PING",202.77.162.213,,172.16.115.4,
03/07-10:51:36.132167 ,"ICMP PING",202.77.162.213,,172.16.115.5,
03/07-10:51:36.157551 ,"ICMP PING",202.77.162.213,,172.16.115.6,
03/07-10:51:36.182864 ,"ICMP PING",202.77.162.213,,172.16.115.7,
03/07-10:51:36.208288 ,"ICMP PING",202.77.162.213,,172.16.115.8,
03/07-10:51:36.233547 ,"ICMP PING",202.77.162.213,,172.16.115.9,
03/07-10:51:36.259301 ,"ICMP PING",202.77.162.213,,172.16.115.10,
03/07-10:51:36.284651 ,"ICMP PING",202.77.162.213,,172.16.115.11,
03/07-10:51:36.310064 ,"ICMP PING",202.77.162.213,,172.16.115.12,
03/07-10:51:36.335460 ,"ICMP PING",202.77.162.213,,172.16.115.13,
03/07-10:51:36.360838 ,"ICMP PING",202.77.162.213,,172.16.115.14,
03/07-10:51:36.386189 ,"ICMP PING",202.77.162.213,,172.16.115.15,
03/07-10:51:36.411580 ,"ICMP PING",202.77.162.213,,172.16.115.16,
03/07-10:51:36.436913 ,"ICMP PING",202.77.162.213,,172.16.115.17,
03/07-10:51:36.462232 ,"ICMP PING",202.77.162.213,,172.16.115.18,
03/07-10:51:36.487571 ,"ICMP PING",202.77.162.213,,172.16.115.19,
03/07-10:51:36.512833 ,"ICMP PING",202.77.162.213,,172.16.115.20,
03/07-10:51:36.521074 ,"ICMP Echo Reply",172.16.115.20,,202.77.162.213,
03/07-10:51:36.538450 ,"ICMP PING",202.77.162.213,,172.16.115.21,
03/07-10:51:36.563697 ,"ICMP PING",202.77.162.213,,172.16.115.22,
03/07-10:51:36.589038 ,"ICMP PING",202.77.162.213,,172.16.115.23,
03/07-10:51:36.614313 ,"ICMP PING",202.77.162.213,,172.16.115.24,
03/07-10:51:36.639656 ,"ICMP PING",202.77.162.213,,172.16.115.25,
03/07-10:51:36.664871 ,"ICMP PING",202.77.162.213,,172.16.115.26,
03/07-10:51:36.690240 ,"ICMP PING",202.77.162.213,,172.16.115.27,
03/07-10:51:36.715449 ,"ICMP PING",202.77.162.213,,172.16.115.28,
03/07-10:51:36.740887 ,"ICMP PING",202.77.162.213,,172.16.115.29,
03/07-10:51:36.766136 ,"ICMP PING",202.77.162.213,,172.16.115.30,
03/07-10:51:36.791563 ,"ICMP PING",202.77.162.213,,172.16.115.31,
03/07-10:51:36.816842 ,"ICMP PING",202.77.162.213,,172.16.115.32,
03/07-10:51:36.842236 ,"ICMP PING",202.77.162.213,,172.16.115.33,
03/07-10:51:36.867551 ,"ICMP PING",202.77.162.213,,172.16.115.34,
03/07-10:51:36.892952 ,"ICMP PING",202.77.162.213,,172.16.115.35,
03/07-10:51:36.918465 ,"ICMP PING",202.77.162.213,,172.16.115.36,
03/07-10:51:36.943943 ,"ICMP PING",202.77.162.213,,172.16.115.37,
03/07-10:51:36.969356 ,"ICMP PING",202.77.162.213,,172.16.115.38,
03/07-10:51:36.994753 ,"ICMP PING",202.77.162.213,,172.16.115.39,
03/07-10:51:37.020127 ,"ICMP PING",202.77.162.213,,172.16.115.40,
03/07-10:51:37.045521 ,"ICMP PING",202.77.162.213,,172.16.115.41,
03/07-10:51:37.070849 ,"ICMP PING",202.77.162.213,,172.16.115.42,
03/07-10:51:37.096263 ,"ICMP PING",202.77.162.213,,172.16.115.43,
03/07-10:51:37.121577 ,"ICMP PING",202.77.162.213,,172.16.115.44,
03/07-10:51:37.146970 ,"ICMP PING",202.77.162.213,,172.16.115.45,
03/07-10:51:37.172351 ,"ICMP PING",202.77.162.213,,172.16.115.46,
03/07-10:51:37.197761 ,"ICMP PING",202.77.162.213,,172.16.115.47,
03/07-10:51:37.223194 ,"ICMP PING",202.77.162.213,,172.16.115.48,
03/07-10:51:37.248552 ,"ICMP PING",202.77.162.213,,172.16.115.49,
03/07-10:51:37.273935 ,"ICMP PING",202.77.162.213,,172.16.115.50,
03/07-10:51:37.299262 ,"ICMP PING",202.77.162.213,,172.16.115.51,
03/07-10:51:37.324690 ,"ICMP PING",202.77.162.213,,172.16.115.52,
03/07-10:51:37.350047 ,"ICMP PING",202.77.162.213,,172.16.115.53,
03/07-10:51:37.375564 ,"ICMP PING",202.77.162.213,,172.16.115.54,
03/07-10:51:37.400949 ,"ICMP PING",202.77.162.213,,172.16.115.55,
03/07-10:51:37.426494 ,"ICMP PING",202.77.162.213,,172.16.115.56,
03/07-10:51:37.451883 ,"ICMP PING",202.77.162.213,,172.16.115.57,
03/07-10:51:37.477362 ,"ICMP PING",202.77.162.213,,172.16.115.58,
03/07-10:51:37.502853 ,"ICMP PING",202.77.162.213,,172.16.115.59,
03/07-10:51:37.528351 ,"ICMP PING",202.77.162.213,,172.16.115.60,
03/07-10:51:37.554021 ,"ICMP PING",202.77.162.213,,172.16.115.61,
03/07-10:51:37.579435 ,"ICMP PING",202.77.162.213,,172.16.115.62,
03/07-10:51:37.604762 ,"ICMP PING",202.77.162.213,,172.16.115.63,
03/07-10:51:37.630123 ,"ICMP PING",202.77.162.213,,172.16.115.64,
03/07-10:51:37.655506 ,"ICMP PING",202.77.162.213,,172.16.115.65,
03/07-10:51:37.680845 ,"ICMP PING",202.77.162.213,,172.16.115.66,
03/07-10:51:37.706198 ,"ICMP PING",202.77.162.213,,172.16.115.67,
03/07-10:51:37.731476 ,"ICMP PING",202.77.162.213,,172.16.115.68,
03/07-10:51:37.756826 ,"ICMP PING",202.77.162.213,,172.16.115.69,
03/07-10:51:37.782074 ,"ICMP PING",202.77.162.213,,172.16.115.70,
03/07-10:51:37.807408 ,"ICMP PING",202.77.162.213,,172.16.115.71,
03/07-10:51:37.832695 ,"ICMP PING",202.77.162.213,,172.16.115.72,
03/07-10:51:37.858033 ,"ICMP PING",202.77.162.213,,172.16.115.73,
03/07-10:51:37.883219 ,"ICMP PING",202.77.162.213,,172.16.115.74,
03/07-10:51:37.908591 ,"ICMP PING",202.77.162.213,,172.16.115.75,
03/07-10:51:37.934849 ,"ICMP PING",202.77.162.213,,172.16.115.76,
03/07-10:51:37.960486 ,"ICMP PING",202.77.162.213,,172.16.115.77,
03/07-10:51:37.985803 ,"ICMP PING",202.77.162.213,,172.16.115.78,
03/07-10:51:38.011299 ,"ICMP PING",202.77.162.213,,172.16.115.79,
03/07-10:51:38.036604 ,"ICMP PING",202.77.162.213,,172.16.115.80,
03/07-10:51:38.062060 ,"ICMP PING",202.77.162.213,,172.16.115.81,
03/07-10:51:38.087403 ,"ICMP PING",202.77.162.213,,172.16.115.82,
03/07-10:51:38.112842 ,"ICMP PING",202.77.162.213,,172.16.115.83,
03/07-10:51:38.138155 ,"ICMP PING",202.77.162.213,,172.16.115.84,
03/07-10:51:38.163550 ,"ICMP PING",202.77.162.213,,172.16.115.85,
03/07-10:51:38.188826 ,"ICMP PING",202.77.162.213,,172.16.115.86,
03/07-10:51:38.214204 ,"ICMP PING",202.77.162.213,,172.16.115.87,
03/07-10:51:38.223329 ,"ICMP Echo Reply",172.16.115.87,,202.77.162.213,
03/07-10:51:38.239804 ,"ICMP PING",202.77.162.213,,172.16.115.88,
03/07-10:51:38.265155 ,"ICMP PING",202.77.162.213,,172.16.115.89,
03/07-10:51:38.290460 ,"ICMP PING",202.77.162.213,,172.16.115.90,
03/07-10:51:38.315677 ,"ICMP PING",202.77.162.213,,172.16.115.91,
03/07-10:51:38.340933 ,"ICMP PING",202.77.162.213,,172.16.115.92,
03/07-10:51:38.366176 ,"ICMP PING",202.77.162.213,,172.16.115.93,
03/07-10:51:38.391500 ,"ICMP PING",202.77.162.213,,172.16.115.94,
03/07-10:51:38.416708 ,"ICMP PING",202.77.162.213,,172.16.115.95,
03/07-10:51:38.441991 ,"ICMP PING",202.77.162.213,,172.16.115.96,
03/07-10:51:38.467213 ,"ICMP PING",202.77.162.213,,172.16.115.97,
03/07-10:51:38.492496 ,"ICMP PING",202.77.162.213,,172.16.115.98,
03/07-10:51:38.517634 ,"ICMP PING",202.77.162.213,,172.16.115.99,
03/07-10:51:38.542946 ,"ICMP PING",202.77.162.213,,172.16.115.100,
03/07-10:51:38.568179 ,"ICMP PING",202.77.162.213,,172.16.115.101,
03/07-10:51:38.593493 ,"ICMP PING",202.77.162.213,,172.16.115.102,
03/07-10:51:38.618709 ,"ICMP PING",202.77.162.213,,172.16.115.103,
03/07-10:51:38.644056 ,"ICMP PING",202.77.162.213,,172.16.115.104,
03/07-10:51:38.669304 ,"ICMP PING",202.77.162.213,,172.16.115.105,
03/07-10:51:38.694652 ,"ICMP PING",202.77.162.213,,172.16.115.106,
03/07-10:51:38.720064 ,"ICMP PING",202.77.162.213,,172.16.115.107,
03/07-10:51:38.745452 ,"ICMP PING",202.77.162.213,,172.16.115.108,
03/07-10:51:38.770782 ,"ICMP PING",202.77.162.213,,172.16.115.109,
03/07-10:51:38.796176 ,"ICMP PING",202.77.162.213,,172.16.115.110,
03/07-10:51:38.821509 ,"ICMP PING",202.77.162.213,,172.16.115.111,
03/07-10:51:38.846921 ,"ICMP PING",202.77.162.213,,172.16.115.112,
03/07-10:51:38.872319 ,"ICMP PING",202.77.162.213,,172.16.115.113,
03/07-10:51:38.897690 ,"ICMP PING",202.77.162.213,,172.16.115.114,
03/07-10:51:38.922962 ,"ICMP PING",202.77.162.213,,172.16.115.115,
03/07-10:51:38.948614 ,"ICMP PING",202.77.162.213,,172.16.115.116,
03/07-10:51:38.973924 ,"ICMP PING",202.77.162.213,,172.16.115.117,
03/07-10:51:38.999250 ,"ICMP PING",202.77.162.213,,172.16.115.118,
03/07-10:51:39.024542 ,"ICMP PING",202.77.162.213,,172.16.115.119,
03/07-10:51:39.049809 ,"ICMP PING",202.77.162.213,,172.16.115.120,
03/07-10:51:39.075319 ,"ICMP PING",202.77.162.213,,172.16.115.121,
03/07-10:51:39.100589 ,"ICMP PING",202.77.162.213,,172.16.115.122,
03/07-10:51:39.125960 ,"ICMP PING",202.77.162.213,,172.16.115.123,
03/07-10:51:39.151234 ,"ICMP PING",202.77.162.213,,172.16.115.124,
03/07-10:51:39.176631 ,"ICMP PING",202.77.162.213,,172.16.115.125,
03/07-10:51:39.201875 ,"ICMP PING",202.77.162.213,,172.16.115.126,
03/07-10:51:39.227235 ,"ICMP PING",202.77.162.213,,172.16.115.127,
03/07-10:51:39.252446 ,"ICMP PING",202.77.162.213,,172.16.115.128,
03/07-10:51:39.277939 ,"ICMP PING",202.77.162.213,,172.16.115.129,
03/07-10:51:39.303247 ,"ICMP PING",202.77.162.213,,172.16.115.130,
03/07-10:51:39.328627 ,"ICMP PING",202.77.162.213,,172.16.115.131,
03/07-10:51:39.353919 ,"ICMP PING",202.77.162.213,,172.16.115.132,
03/07-10:51:39.379375 ,"ICMP PING",202.77.162.213,,172.16.115.133,
03/07-10:51:39.404710 ,"ICMP PING",202.77.162.213,,172.16.115.134,
03/07-10:51:39.430103 ,"ICMP PING",202.77.162.213,,172.16.115.135,
03/07-10:51:39.455672 ,"ICMP PING",202.77.162.213,,172.16.115.136,
03/07-10:51:39.481035 ,"ICMP PING",202.77.162.213,,172.16.115.137,
03/07-10:51:39.506414 ,"ICMP PING",202.77.162.213,,172.16.115.138,
03/07-10:51:39.531768 ,"ICMP PING",202.77.162.213,,172.16.115.139,
03/07-10:51:39.557086 ,"ICMP PING",202.77.162.213,,172.16.115.140,
03/07-10:51:39.582487 ,"ICMP PING",202.77.162.213,,172.16.115.141,
03/07-10:51:39.607916 ,"ICMP PING",202.77.162.213,,172.16.115.142,
03/07-10:51:39.633190 ,"ICMP PING",202.77.162.213,,172.16.115.143,
03/07-10:51:39.658569 ,"ICMP PING",202.77.162.213,,172.16.115.144,
03/07-10:51:39.683889 ,"ICMP PING",202.77.162.213,,172.16.115.145,
03/07-10:51:39.709270 ,"ICMP PING",202.77.162.213,,172.16.115.146,
03/07-10:51:39.734489 ,"ICMP PING",202.77.162.213,,172.16.115.147,
03/07-10:51:39.759872 ,"ICMP PING",202.77.162.213,,172.16.115.148,
03/07-10:51:39.785157 ,"ICMP PING",202.77.162.213,,172.16.115.149,
03/07-10:51:39.810525 ,"ICMP PING",202.77.162.213,,172.16.115.150,
03/07-10:51:39.835757 ,"ICMP PING",202.77.162.213,,172.16.115.151,
03/07-10:51:39.861162 ,"ICMP PING",202.77.162.213,,172.16.115.152,
03/07-10:51:39.886393 ,"ICMP PING",202.77.162.213,,172.16.115.153,
03/07-10:51:39.911900 ,"ICMP PING",202.77.162.213,,172.16.115.154,
03/07-10:51:39.937183 ,"ICMP PING",202.77.162.213,,172.16.115.155,
03/07-10:51:39.962694 ,"ICMP PING",202.77.162.213,,172.16.115.156,
03/07-10:51:39.988050 ,"ICMP PING",202.77.162.213,,172.16.115.157,
03/07-10:51:40.013487 ,"ICMP PING",202.77.162.213,,172.16.115.158,
03/07-10:51:40.038783 ,"ICMP PING",202.77.162.213,,172.16.115.159,
03/07-10:51:40.064290 ,"ICMP PING",202.77.162.213,,172.16.115.160,
03/07-10:51:40.089715 ,"ICMP PING",202.77.162.213,,172.16.115.161,
03/07-10:51:40.115141 ,"ICMP PING",202.77.162.213,,172.16.115.162,
03/07-10:51:40.140482 ,"ICMP PING",202.77.162.213,,172.16.115.163,
03/07-10:51:40.165938 ,"ICMP PING",202.77.162.213,,172.16.115.164,
03/07-10:51:40.191409 ,"ICMP PING",202.77.162.213,,172.16.115.165,
03/07-10:51:40.216881 ,"ICMP PING",202.77.162.213,,172.16.115.166,
03/07-10:51:40.242141 ,"ICMP PING",202.77.162.213,,172.16.115.167,
03/07-10:51:40.267760 ,"ICMP PING",202.77.162.213,,172.16.115.168,
03/07-10:51:40.293175 ,"ICMP PING",202.77.162.213,,172.16.115.169,
03/07-10:51:40.318552 ,"ICMP PING",202.77.162.213,,172.16.115.170,
03/07-10:51:40.344367 ,"ICMP PING",202.77.162.213,,172.16.115.171,
03/07-10:51:40.369758 ,"ICMP PING",202.77.162.213,,172.16.115.172,
03/07-10:51:40.395238 ,"ICMP PING",202.77.162.213,,172.16.115.173,
03/07-10:51:40.420530 ,"ICMP PING",202.77.162.213,,172.16.115.174,
03/07-10:51:40.446014 ,"ICMP PING",202.77.162.213,,172.16.115.175,
03/07-10:51:40.471407 ,"ICMP PING",202.77.162.213,,172.16.115.176,
03/07-10:51:40.496900 ,"ICMP PING",202.77.162.213,,172.16.115.177,
03/07-10:51:40.522258 ,"ICMP PING",202.77.162.213,,172.16.115.178,
03/07-10:51:40.547779 ,"ICMP PING",202.77.162.213,,172.16.115.179,
03/07-10:51:40.573140 ,"ICMP PING",202.77.162.213,,172.16.115.180,
03/07-10:51:40.598845 ,"ICMP PING",202.77.162.213,,172.16.115.181,
03/07-10:51:40.624314 ,"ICMP PING",202.77.162.213,,172.16.115.182,
03/07-10:51:40.649775 ,"ICMP PING",202.77.162.213,,172.16.115.183,
03/07-10:51:40.675131 ,"ICMP PING",202.77.162.213,,172.16.115.184,
03/07-10:51:40.700595 ,"ICMP PING",202.77.162.213,,172.16.115.185,
03/07-10:51:40.726209 ,"ICMP PING",202.77.162.213,,172.16.115.186,
03/07-10:51:40.751571 ,"ICMP PING",202.77.162.213,,172.16.115.187,
03/07-10:51:40.776968 ,"ICMP PING",202.77.162.213,,172.16.115.188,
03/07-10:51:40.802309 ,"ICMP PING",202.77.162.213,,172.16.115.189,
03/07-10:51:40.827687 ,"ICMP PING",202.77.162.213,,172.16.115.190,
03/07-10:51:40.852999 ,"ICMP PING",202.77.162.213,,172.16.115.191,
03/07-10:51:40.878358 ,"ICMP PING",202.77.162.213,,172.16.115.192,
03/07-10:51:40.903713 ,"ICMP PING",202.77.162.213,,172.16.115.193,
03/07-10:51:40.929207 ,"ICMP PING",202.77.162.213,,172.16.115.194,
03/07-10:51:40.954513 ,"ICMP PING",202.77.162.213,,172.16.115.195,
03/07-10:51:40.980007 ,"ICMP PING",202.77.162.213,,172.16.115.196,
03/07-10:51:41.005306 ,"ICMP PING",202.77.162.213,,172.16.115.197,
03/07-10:51:41.030796 ,"ICMP PING",202.77.162.213,,172.16.115.198,
03/07-10:51:41.056157 ,"ICMP PING",202.77.162.213,,172.16.115.199,
03/07-10:51:41.081615 ,"ICMP PING",202.77.162.213,,172.16.115.200,
03/07-10:51:41.106977 ,"ICMP PING",202.77.162.213,,172.16.115.201,
03/07-10:51:41.132412 ,"ICMP PING",202.77.162.213,,172.16.115.202,
03/07-10:51:41.157813 ,"ICMP PING",202.77.162.213,,172.16.115.203,
03/07-10:51:41.183231 ,"ICMP PING",202.77.162.213,,172.16.115.204,
03/07-10:51:41.208573 ,"ICMP PING",202.77.162.213,,172.16.115.205,
03/07-10:51:41.234004 ,"ICMP PING",202.77.162.213,,172.16.115.206,
03/07-10:51:41.259379 ,"ICMP PING",202.77.162.213,,172.16.115.207,
03/07-10:51:41.284793 ,"ICMP PING",202.77.162.213,,172.16.115.208,
03/07-10:51:41.310076 ,"ICMP PING",202.77.162.213,,172.16.115.209,
03/07-10:51:41.335455 ,"ICMP PING",202.77.162.213,,172.16.115.210,
03/07-10:51:41.360775 ,"ICMP PING",202.77.162.213,,172.16.115.211,
03/07-10:51:41.386148 ,"ICMP PING",202.77.162.213,,172.16.115.212,
03/07-10:51:41.411527 ,"ICMP PING",202.77.162.213,,172.16.115.213,
03/07-10:51:41.436854 ,"ICMP PING",202.77.162.213,,172.16.115.214,
03/07-10:51:41.462166 ,"ICMP PING",202.77.162.213,,172.16.115.215,
03/07-10:51:41.487455 ,"ICMP PING",202.77.162.213,,172.16.115.216,
03/07-10:51:41.512792 ,"ICMP PING",202.77.162.213,,172.16.115.217,
03/07-10:51:41.538086 ,"ICMP PING",202.77.162.213,,172.16.115.218,
03/07-10:51:41.563516 ,"ICMP PING",202.77.162.213,,172.16.115.219,
03/07-10:51:41.588789 ,"ICMP PING",202.77.162.213,,172.16.115.220,
03/07-10:51:41.614202 ,"ICMP PING",202.77.162.213,,172.16.115.221,
03/07-10:51:41.639561 ,"ICMP PING",202.77.162.213,,172.16.115.222,
03/07-10:51:41.664954 ,"ICMP PING",202.77.162.213,,172.16.115.223,
03/07-10:51:41.690329 ,"ICMP PING",202.77.162.213,,172.16.115.224,
03/07-10:51:41.715817 ,"ICMP PING",202.77.162.213,,172.16.115.225,
03/07-10:51:41.741261 ,"ICMP PING",202.77.162.213,,172.16.115.226,
03/07-10:51:41.766719 ,"ICMP PING",202.77.162.213,,172.16.115.227,
03/07-10:51:41.792192 ,"ICMP PING",202.77.162.213,,172.16.115.228,
03/07-10:51:41.817580 ,"ICMP PING",202.77.162.213,,172.16.115.229,
03/07-10:51:41.843007 ,"ICMP PING",202.77.162.213,,172.16.115.230,
03/07-10:51:41.868439 ,"ICMP PING",202.77.162.213,,172.16.115.231,
03/07-10:51:41.893898 ,"ICMP PING",202.77.162.213,,172.16.115.232,
03/07-10:51:41.919304 ,"ICMP PING",202.77.162.213,,172.16.115.233,
03/07-10:51:41.944735 ,"ICMP PING",202.77.162.213,,172.16.115.234,
03/07-10:51:41.970350 ,"ICMP PING",202.77.162.213,,172.16.115.235,
03/07-10:51:41.995832 ,"ICMP PING",202.77.162.213,,172.16.115.236,
03/07-10:51:42.021355 ,"ICMP PING",202.77.162.213,,172.16.115.237,
03/07-10:51:42.046808 ,"ICMP PING",202.77.162.213,,172.16.115.238,
03/07-10:51:42.072159 ,"ICMP PING",202.77.162.213,,172.16.115.239,
03/07-10:51:42.097598 ,"ICMP PING",202.77.162.213,,172.16.115.240,
03/07-10:51:42.123403 ,"ICMP PING",202.77.162.213,,172.16.115.241,
03/07-10:51:42.149107 ,"ICMP PING",202.77.162.213,,172.16.115.242,
03/07-10:51:42.174297 ,"ICMP PING",202.77.162.213,,172.16.115.243,
03/07-10:51:42.199769 ,"ICMP PING",202.77.162.213,,172.16.115.244,
03/07-10:51:42.225237 ,"ICMP PING",202.77.162.213,,172.16.115.245,
03/07-10:51:42.250770 ,"ICMP PING",202.77.162.213,,172.16.115.246,
03/07-10:51:42.276868 ,"ICMP PING",202.77.162.213,,172.16.115.247,
03/07-10:51:42.302129 ,"ICMP PING",202.77.162.213,,172.16.115.248,
03/07-10:51:42.327796 ,"ICMP PING",202.77.162.213,,172.16.115.249,
03/07-10:51:42.353086 ,"ICMP PING",202.77.162.213,,172.16.115.250,
03/07-10:51:42.378361 ,"ICMP PING",202.77.162.213,,172.16.115.251,
03/07-10:51:42.403748 ,"ICMP PING",202.77.162.213,,172.16.115.252,
03/07-10:51:42.429452 ,"ICMP PING",202.77.162.213,,172.16.115.253,
03/07-10:51:42.454574 ,"ICMP PING",202.77.162.213,,172.16.115.254,
03/07-10:51:42.505809 ,"ICMP PING",202.77.162.213,,172.16.114.2,
03/07-10:51:42.505934 ,"ICMP Echo Reply",172.16.114.2,,202.77.162.213,
03/07-10:51:42.711224 ,"ICMP PING",202.77.162.213,,172.16.114.10,
03/07-10:51:42.711400 ,"ICMP Echo Reply",172.16.114.10,,202.77.162.213,
03/07-10:51:42.966440 ,"ICMP PING",202.77.162.213,,172.16.114.20,
03/07-10:51:42.967391 ,"ICMP Echo Reply",172.16.114.20,,202.77.162.213,
03/07-10:51:43.221364 ,"ICMP PING",202.77.162.213,,172.16.114.30,
03/07-10:51:43.221410 ,"ICMP Echo Reply",172.16.114.30,,202.77.162.213,
03/07-10:51:43.726768 ,"ICMP PING",202.77.162.213,,172.16.114.50,
03/07-10:51:43.727026 ,"ICMP Echo Reply",172.16.114.50,,202.77.162.213,
03/07-10:51:49.010694 ,"ICMP PING",202.77.162.213,,172.16.113.1,
03/07-10:51:49.018702 ,"ICMP Echo Reply",172.16.113.1,,202.77.162.213,
03/07-10:51:49.036325 ,"ICMP PING",202.77.162.213,,172.16.113.2,
03/07-10:51:49.061751 ,"ICMP PING",202.77.162.213,,172.16.113.3,
03/07-10:51:49.087138 ,"ICMP PING",202.77.162.213,,172.16.113.4,
03/07-10:51:49.112617 ,"ICMP PING",202.77.162.213,,172.16.113.5,
03/07-10:51:49.138044 ,"ICMP PING",202.77.162.213,,172.16.113.6,
03/07-10:51:49.163378 ,"ICMP PING",202.77.162.213,,172.16.113.7,
03/07-10:51:49.188803 ,"ICMP PING",202.77.162.213,,172.16.113.8,
03/07-10:51:49.214063 ,"ICMP PING",202.77.162.213,,172.16.113.9,
03/07-10:51:49.239570 ,"ICMP PING",202.77.162.213,,172.16.113.10,
03/07-10:51:49.264854 ,"ICMP PING",202.77.162.213,,172.16.113.11,
03/07-10:51:49.290384 ,"ICMP PING",202.77.162.213,,172.16.113.12,
03/07-10:51:49.315757 ,"ICMP PING",202.77.162.213,,172.16.113.13,
03/07-10:51:49.341404 ,"ICMP PING",202.77.162.213,,172.16.113.14,
03/07-10:51:49.366589 ,"ICMP PING",202.77.162.213,,172.16.113.15,
03/07-10:51:49.392017 ,"ICMP PING",202.77.162.213,,172.16.113.16,
03/07-10:51:49.417436 ,"ICMP PING",202.77.162.213,,172.16.113.17,
03/07-10:51:49.442846 ,"ICMP PING",202.77.162.213,,172.16.113.18,
03/07-10:51:49.468328 ,"ICMP PING",202.77.162.213,,172.16.113.19,
03/07-10:51:49.493752 ,"ICMP PING",202.77.162.213,,172.16.113.20,
03/07-10:51:49.519171 ,"ICMP PING",202.77.162.213,,172.16.113.21,
03/07-10:51:49.544609 ,"ICMP PING",202.77.162.213,,172.16.113.22,
03/07-10:51:49.570045 ,"ICMP PING",202.77.162.213,,172.16.113.23,
03/07-10:51:49.595447 ,"ICMP PING",202.77.162.213,,172.16.113.24,
03/07-10:51:49.620842 ,"ICMP PING",202.77.162.213,,172.16.113.25,
03/07-10:51:49.646228 ,"ICMP PING",202.77.162.213,,172.16.113.26,
03/07-10:51:49.671638 ,"ICMP PING",202.77.162.213,,172.16.113.27,
03/07-10:51:49.697007 ,"ICMP PING",202.77.162.213,,172.16.113.28,
03/07-10:51:49.722491 ,"ICMP PING",202.77.162.213,,172.16.113.29,
03/07-10:51:49.748109 ,"ICMP PING",202.77.162.213,,172.16.113.30,
03/07-10:51:49.773455 ,"ICMP PING",202.77.162.213,,172.16.113.31,
03/07-10:51:49.798775 ,"ICMP PING",202.77.162.213,,172.16.113.32,
03/07-10:51:49.824289 ,"ICMP PING",202.77.162.213,,172.16.113.33,
03/07-10:51:49.849618 ,"ICMP PING",202.77.162.213,,172.16.113.34,
03/07-10:51:49.875178 ,"ICMP PING",202.77.162.213,,172.16.113.35,
03/07-10:51:49.900573 ,"ICMP PING",202.77.162.213,,172.16.113.36,
03/07-10:51:49.926047 ,"ICMP PING",202.77.162.213,,172.16.113.37,
03/07-10:51:49.951613 ,"ICMP PING",202.77.162.213,,172.16.113.38,
03/07-10:51:49.977183 ,"ICMP PING",202.77.162.213,,172.16.113.39,
03/07-10:51:50.002614 ,"ICMP PING",202.77.162.213,,172.16.113.40,
03/07-10:51:50.028146 ,"ICMP PING",202.77.162.213,,172.16.113.41,
03/07-10:51:50.053785 ,"ICMP PING",202.77.162.213,,172.16.113.42,
03/07-10:51:50.079329 ,"ICMP PING",202.77.162.213,,172.16.113.43,
03/07-10:51:50.104708 ,"ICMP PING",202.77.162.213,,172.16.113.44,
03/07-10:51:50.130154 ,"ICMP PING",202.77.162.213,,172.16.113.45,
03/07-10:51:50.155509 ,"ICMP PING",202.77.162.213,,172.16.113.46,
03/07-10:51:50.180891 ,"ICMP PING",202.77.162.213,,172.16.113.47,
03/07-10:51:50.206383 ,"ICMP PING",202.77.162.213,,172.16.113.48,
03/07-10:51:50.231628 ,"ICMP PING",202.77.162.213,,172.16.113.49,
03/07-10:51:50.257031 ,"ICMP PING",202.77.162.213,,172.16.113.50,
03/07-10:51:50.265254 ,"ICMP Echo Reply",172.16.113.50,,202.77.162.213,
03/07-10:51:50.282692 ,"ICMP PING",202.77.162.213,,172.16.113.51,
03/07-10:51:50.308289 ,"ICMP PING",202.77.162.213,,172.16.113.52,
03/07-10:51:50.333710 ,"ICMP PING",202.77.162.213,,172.16.113.53,
03/07-10:51:50.360945 ,"ICMP PING",202.77.162.213,,172.16.113.54,
03/07-10:51:50.386581 ,"ICMP PING",202.77.162.213,,172.16.113.55,
03/07-10:51:50.412037 ,"ICMP PING",202.77.162.213,,172.16.113.56,
03/07-10:51:50.437371 ,"ICMP PING",202.77.162.213,,172.16.113.57,
03/07-10:51:50.462796 ,"ICMP PING",202.77.162.213,,172.16.113.58,
03/07-10:51:50.488245 ,"ICMP PING",202.77.162.213,,172.16.113.59,
03/07-10:51:50.513598 ,"ICMP PING",202.77.162.213,,172.16.113.60,
03/07-10:51:50.539007 ,"ICMP PING",202.77.162.213,,172.16.113.61,
03/07-10:51:50.564344 ,"ICMP PING",202.77.162.213,,172.16.113.62,
03/07-10:51:50.589738 ,"ICMP PING",202.77.162.213,,172.16.113.63,
03/07-10:51:50.615061 ,"ICMP PING",202.77.162.213,,172.16.113.64,
03/07-10:51:50.640506 ,"ICMP PING",202.77.162.213,,172.16.113.65,
03/07-10:51:50.665783 ,"ICMP PING",202.77.162.213,,172.16.113.66,
03/07-10:51:50.691281 ,"ICMP PING",202.77.162.213,,172.16.113.67,
03/07-10:51:50.716610 ,"ICMP PING",202.77.162.213,,172.16.113.68,
03/07-10:51:50.742100 ,"ICMP PING",202.77.162.213,,172.16.113.69,
03/07-10:51:50.767435 ,"ICMP PING",202.77.162.213,,172.16.113.70,
03/07-10:51:50.792981 ,"ICMP PING",202.77.162.213,,172.16.113.71,
03/07-10:51:50.818432 ,"ICMP PING",202.77.162.213,,172.16.113.72,
03/07-10:51:50.843856 ,"ICMP PING",202.77.162.213,,172.16.113.73,
03/07-10:51:50.869267 ,"ICMP PING",202.77.162.213,,172.16.113.74,
03/07-10:51:50.894724 ,"ICMP PING",202.77.162.213,,172.16.113.75,
03/07-10:51:50.920269 ,"ICMP PING",202.77.162.213,,172.16.113.76,
03/07-10:51:50.945727 ,"ICMP PING",202.77.162.213,,172.16.113.77,
03/07-10:51:50.971158 ,"ICMP PING",202.77.162.213,,172.16.113.78,
03/07-10:51:50.996640 ,"ICMP PING",202.77.162.213,,172.16.113.79,
03/07-10:51:51.022029 ,"ICMP PING",202.77.162.213,,172.16.113.80,
03/07-10:51:51.047485 ,"ICMP PING",202.77.162.213,,172.16.113.81,
03/07-10:51:51.072925 ,"ICMP PING",202.77.162.213,,172.16.113.82,
03/07-10:51:51.098339 ,"ICMP PING",202.77.162.213,,172.16.113.83,
03/07-10:51:51.123725 ,"ICMP PING",202.77.162.213,,172.16.113.84,
03/07-10:51:51.149322 ,"ICMP PING",202.77.162.213,,172.16.113.85,
03/07-10:51:51.174468 ,"ICMP PING",202.77.162.213,,172.16.113.86,
03/07-10:51:51.199776 ,"ICMP PING",202.77.162.213,,172.16.113.87,
03/07-10:51:51.225253 ,"ICMP PING",202.77.162.213,,172.16.113.88,
03/07-10:51:51.250554 ,"ICMP PING",202.77.162.213,,172.16.113.89,
03/07-10:51:51.276321 ,"ICMP PING",202.77.162.213,,172.16.113.90,
03/07-10:51:51.301701 ,"ICMP PING",202.77.162.213,,172.16.113.91,
03/07-10:51:51.327204 ,"ICMP PING",202.77.162.213,,172.16.113.92,
03/07-10:51:51.352547 ,"ICMP PING",202.77.162.213,,172.16.113.93,
03/07-10:51:51.378034 ,"ICMP PING",202.77.162.213,,172.16.113.94,
03/07-10:51:51.403480 ,"ICMP PING",202.77.162.213,,172.16.113.95,
03/07-10:51:51.428957 ,"ICMP PING",202.77.162.213,,172.16.113.96,
03/07-10:51:51.454363 ,"ICMP PING",202.77.162.213,,172.16.113.97,
03/07-10:51:51.479817 ,"ICMP PING",202.77.162.213,,172.16.113.98,
03/07-10:51:51.505165 ,"ICMP PING",202.77.162.213,,172.16.113.99,
03/07-10:51:51.530658 ,"ICMP PING",202.77.162.213,,172.16.113.100,
03/07-10:51:51.556127 ,"ICMP PING",202.77.162.213,,172.16.113.101,
03/07-10:51:51.581492 ,"ICMP PING",202.77.162.213,,172.16.113.102,
03/07-10:51:51.606928 ,"ICMP PING",202.77.162.213,,172.16.113.103,
03/07-10:51:51.632315 ,"ICMP PING",202.77.162.213,,172.16.113.104,
03/07-10:51:51.657679 ,"ICMP PING",202.77.162.213,,172.16.113.105,
03/07-10:51:51.666476 ,"ICMP Echo Reply",172.16.113.105,,202.77.162.213,
03/07-10:51:51.683409 ,"ICMP PING",202.77.162.213,,172.16.113.106,
03/07-10:51:51.708841 ,"ICMP PING",202.77.162.213,,172.16.113.107,
03/07-10:51:51.734119 ,"ICMP PING",202.77.162.213,,172.16.113.108,
03/07-10:51:51.759596 ,"ICMP PING",202.77.162.213,,172.16.113.109,
03/07-10:51:51.784865 ,"ICMP PING",202.77.162.213,,172.16.113.110,
03/07-10:51:51.810378 ,"ICMP PING",202.77.162.213,,172.16.113.111,
03/07-10:51:51.835839 ,"ICMP PING",202.77.162.213,,172.16.113.112,
03/07-10:51:51.861355 ,"ICMP PING",202.77.162.213,,172.16.113.113,
03/07-10:51:51.886769 ,"ICMP PING",202.77.162.213,,172.16.113.114,
03/07-10:51:51.912475 ,"ICMP PING",202.77.162.213,,172.16.113.115,
03/07-10:51:51.938043 ,"ICMP PING",202.77.162.213,,172.16.113.116,
03/07-10:51:51.963520 ,"ICMP PING",202.77.162.213,,172.16.113.117,
03/07-10:51:51.988961 ,"ICMP PING",202.77.162.213,,172.16.113.118,
03/07-10:51:52.014404 ,"ICMP PING",202.77.162.213,,172.16.113.119,
03/07-10:51:52.039808 ,"ICMP PING",202.77.162.213,,172.16.113.120,
03/07-10:51:52.065252 ,"ICMP PING",202.77.162.213,,172.16.113.121,
03/07-10:51:52.090701 ,"ICMP PING",202.77.162.213,,172.16.113.122,
03/07-10:51:52.116144 ,"ICMP PING",202.77.162.213,,172.16.113.123,
03/07-10:51:52.141565 ,"ICMP PING",202.77.162.213,,172.16.113.124,
03/07-10:51:52.166929 ,"ICMP PING",202.77.162.213,,172.16.113.125,
03/07-10:51:52.192469 ,"ICMP PING",202.77.162.213,,172.16.113.126,
03/07-10:51:52.217692 ,"ICMP PING",202.77.162.213,,172.16.113.127,
03/07-10:51:52.243051 ,"ICMP PING",202.77.162.213,,172.16.113.128,
03/07-10:51:52.268358 ,"ICMP PING",202.77.162.213,,172.16.113.129,
03/07-10:51:52.293880 ,"ICMP PING",202.77.162.213,,172.16.113.130,
03/07-10:51:52.319255 ,"ICMP PING",202.77.162.213,,172.16.113.131,
03/07-10:51:52.344754 ,"ICMP PING",202.77.162.213,,172.16.113.132,
03/07-10:51:52.370188 ,"ICMP PING",202.77.162.213,,172.16.113.133,
03/07-10:51:52.395711 ,"ICMP PING",202.77.162.213,,172.16.113.134,
03/07-10:51:52.421180 ,"ICMP PING",202.77.162.213,,172.16.113.135,
03/07-10:51:52.446689 ,"ICMP PING",202.77.162.213,,172.16.113.136,
03/07-10:51:52.472182 ,"ICMP PING",202.77.162.213,,172.16.113.137,
03/07-10:51:52.497660 ,"ICMP PING",202.77.162.213,,172.16.113.138,
03/07-10:51:52.522967 ,"ICMP PING",202.77.162.213,,172.16.113.139,
03/07-10:51:52.548385 ,"ICMP PING",202.77.162.213,,172.16.113.140,
03/07-10:51:52.573758 ,"ICMP PING",202.77.162.213,,172.16.113.141,
03/07-10:51:52.599224 ,"ICMP PING",202.77.162.213,,172.16.113.142,
03/07-10:51:52.624602 ,"ICMP PING",202.77.162.213,,172.16.113.143,
03/07-10:51:52.649984 ,"ICMP PING",202.77.162.213,,172.16.113.144,
03/07-10:51:52.675433 ,"ICMP PING",202.77.162.213,,172.16.113.145,
03/07-10:51:52.700794 ,"ICMP PING",202.77.162.213,,172.16.113.146,
03/07-10:51:52.726199 ,"ICMP PING",202.77.162.213,,172.16.113.147,
03/07-10:51:52.751517 ,"ICMP PING",202.77.162.213,,172.16.113.148,
03/07-10:51:52.760251 ,"ICMP Echo Reply",172.16.113.148,,202.77.162.213,
03/07-10:51:52.777594 ,"ICMP PING",202.77.162.213,,172.16.113.149,
03/07-10:51:52.802873 ,"ICMP PING",202.77.162.213,,172.16.113.150,
03/07-10:51:52.828316 ,"ICMP PING",202.77.162.213,,172.16.113.151,
03/07-10:51:52.853673 ,"ICMP PING",202.77.162.213,,172.16.113.152,
03/07-10:51:52.879351 ,"ICMP PING",202.77.162.213,,172.16.113.153,
03/07-10:51:52.904548 ,"ICMP PING",202.77.162.213,,172.16.113.154,
03/07-10:51:52.930012 ,"ICMP PING",202.77.162.213,,172.16.113.155,
03/07-10:51:52.956405 ,"ICMP PING",202.77.162.213,,172.16.113.156,
03/07-10:51:52.981946 ,"ICMP PING",202.77.162.213,,172.16.113.157,
03/07-10:51:53.007329 ,"ICMP PING",202.77.162.213,,172.16.113.158,
03/07-10:51:53.032790 ,"ICMP PING",202.77.162.213,,172.16.113.159,
03/07-10:51:53.058237 ,"ICMP PING",202.77.162.213,,172.16.113.160,
03/07-10:51:53.083612 ,"ICMP PING",202.77.162.213,,172.16.113.161,
03/07-10:51:53.108982 ,"ICMP PING",202.77.162.213,,172.16.113.162,
03/07-10:51:53.134280 ,"ICMP PING",202.77.162.213,,172.16.113.163,
03/07-10:51:53.159740 ,"ICMP PING",202.77.162.213,,172.16.113.164,
03/07-10:51:53.185003 ,"ICMP PING",202.77.162.213,,172.16.113.165,
03/07-10:51:53.210413 ,"ICMP PING",202.77.162.213,,172.16.113.166,
03/07-10:51:53.235700 ,"ICMP PING",202.77.162.213,,172.16.113.167,
03/07-10:51:53.261161 ,"ICMP PING",202.77.162.213,,172.16.113.168,
03/07-10:51:53.286460 ,"ICMP PING",202.77.162.213,,172.16.113.169,
03/07-10:51:53.311936 ,"ICMP PING",202.77.162.213,,172.16.113.170,
03/07-10:51:53.337374 ,"ICMP PING",202.77.162.213,,172.16.113.171,
03/07-10:51:53.362825 ,"ICMP PING",202.77.162.213,,172.16.113.172,
03/07-10:51:53.388220 ,"ICMP PING",202.77.162.213,,172.16.113.173,
03/07-10:51:53.413654 ,"ICMP PING",202.77.162.213,,172.16.113.174,
03/07-10:51:53.439018 ,"ICMP PING",202.77.162.213,,172.16.113.175,
03/07-10:51:53.464436 ,"ICMP PING",202.77.162.213,,172.16.113.176,
03/07-10:51:53.489894 ,"ICMP PING",202.77.162.213,,172.16.113.177,
03/07-10:51:53.515349 ,"ICMP PING",202.77.162.213,,172.16.113.178,
03/07-10:51:53.540798 ,"ICMP PING",202.77.162.213,,172.16.113.179,
03/07-10:51:53.566286 ,"ICMP PING",202.77.162.213,,172.16.113.180,
03/07-10:51:53.591703 ,"ICMP PING",202.77.162.213,,172.16.113.181,
03/07-10:51:53.617068 ,"ICMP PING",202.77.162.213,,172.16.113.182,
03/07-10:51:53.642491 ,"ICMP PING",202.77.162.213,,172.16.113.183,
03/07-10:51:53.667909 ,"ICMP PING",202.77.162.213,,172.16.113.184,
03/07-10:51:53.693267 ,"ICMP PING",202.77.162.213,,172.16.113.185,
03/07-10:51:53.718605 ,"ICMP PING",202.77.162.213,,172.16.113.186,
03/07-10:51:53.744229 ,"ICMP PING",202.77.162.213,,172.16.113.187,
03/07-10:51:53.769553 ,"ICMP PING",202.77.162.213,,172.16.113.188,
03/07-10:51:53.795024 ,"ICMP PING",202.77.162.213,,172.16.113.189,
03/07-10:51:53.820344 ,"ICMP PING",202.77.162.213,,172.16.113.190,
03/07-10:51:53.845810 ,"ICMP PING",202.77.162.213,,172.16.113.191,
03/07-10:51:53.871159 ,"ICMP PING",202.77.162.213,,172.16.113.192,
03/07-10:51:53.896720 ,"ICMP PING",202.77.162.213,,172.16.113.193,
03/07-10:51:53.922100 ,"ICMP PING",202.77.162.213,,172.16.113.194,
03/07-10:51:53.947799 ,"ICMP PING",202.77.162.213,,172.16.113.195,
03/07-10:51:53.973252 ,"ICMP PING",202.77.162.213,,172.16.113.196,
03/07-10:51:53.998755 ,"ICMP PING",202.77.162.213,,172.16.113.197,
03/07-10:51:54.024238 ,"ICMP PING",202.77.162.213,,172.16.113.198,
03/07-10:51:54.049645 ,"ICMP PING",202.77.162.213,,172.16.113.199,
03/07-10:51:54.075020 ,"ICMP PING",202.77.162.213,,172.16.113.200,
03/07-10:51:54.100636 ,"ICMP PING",202.77.162.213,,172.16.113.201,
03/07-10:51:54.126082 ,"ICMP PING",202.77.162.213,,172.16.113.202,
03/07-10:51:54.151503 ,"ICMP PING",202.77.162.213,,172.16.113.203,
03/07-10:51:54.176907 ,"ICMP PING",202.77.162.213,,172.16.113.204,
03/07-10:51:54.202311 ,"ICMP PING",202.77.162.213,,172.16.113.205,
03/07-10:51:54.227743 ,"ICMP PING",202.77.162.213,,172.16.113.206,
03/07-10:51:54.253086 ,"ICMP PING",202.77.162.213,,172.16.113.207,
03/07-10:51:54.278787 ,"ICMP PING",202.77.162.213,,172.16.113.208,
03/07-10:51:54.304040 ,"ICMP PING",202.77.162.213,,172.16.113.209,
03/07-10:51:54.329590 ,"ICMP PING",202.77.162.213,,172.16.113.210,
03/07-10:51:54.354937 ,"ICMP PING",202.77.162.213,,172.16.113.211,
03/07-10:51:54.380425 ,"ICMP PING",202.77.162.213,,172.16.113.212,
03/07-10:51:54.405853 ,"ICMP PING",202.77.162.213,,172.16.113.213,
03/07-10:51:54.431401 ,"ICMP PING",202.77.162.213,,172.16.113.214,
03/07-10:51:54.456844 ,"ICMP PING",202.77.162.213,,172.16.113.215,
03/07-10:51:54.482313 ,"ICMP PING",202.77.162.213,,172.16.113.216,
03/07-10:51:54.507826 ,"ICMP PING",202.77.162.213,,172.16.113.217,
03/07-10:51:54.533337 ,"ICMP PING",202.77.162.213,,172.16.113.218,
03/07-10:51:54.558772 ,"ICMP PING",202.77.162.213,,172.16.113.219,
03/07-10:51:54.584278 ,"ICMP PING",202.77.162.213,,172.16.113.220,
03/07-10:51:54.609610 ,"ICMP PING",202.77.162.213,,172.16.113.221,
03/07-10:51:54.635025 ,"ICMP PING",202.77.162.213,,172.16.113.222,
03/07-10:51:54.660378 ,"ICMP PING",202.77.162.213,,172.16.113.223,
03/07-10:51:54.685992 ,"ICMP PING",202.77.162.213,,172.16.113.224,
03/07-10:51:54.711191 ,"ICMP PING",202.77.162.213,,172.16.113.225,
03/07-10:51:54.736604 ,"ICMP PING",202.77.162.213,,172.16.113.226,
03/07-10:51:54.761979 ,"ICMP PING",202.77.162.213,,172.16.113.227,
03/07-10:51:54.787322 ,"ICMP PING",202.77.162.213,,172.16.113.228,
03/07-10:51:54.812742 ,"ICMP PING",202.77.162.213,,172.16.113.229,
03/07-10:51:54.838090 ,"ICMP PING",202.77.162.213,,172.16.113.230,
03/07-10:51:54.863583 ,"ICMP PING",202.77.162.213,,172.16.113.231,
03/07-10:51:54.888968 ,"ICMP PING",202.77.162.213,,172.16.113.232,
03/07-10:51:54.914403 ,"ICMP PING",202.77.162.213,,172.16.113.233,
03/07-10:51:54.939830 ,"ICMP PING",202.77.162.213,,172.16.113.234,
03/07-10:51:54.965292 ,"ICMP PING",202.77.162.213,,172.16.113.235,
03/07-10:51:54.990737 ,"ICMP PING",202.77.162.213,,172.16.113.236,
03/07-10:51:55.016284 ,"ICMP PING",202.77.162.213,,172.16.113.237,
03/07-10:51:55.041752 ,"ICMP PING",202.77.162.213,,172.16.113.238,
03/07-10:51:55.067297 ,"ICMP PING",202.77.162.213,,172.16.113.239,
03/07-10:51:55.092726 ,"ICMP PING",202.77.162.213,,172.16.113.240,
03/07-10:51:55.118277 ,"ICMP PING",202.77.162.213,,172.16.113.241,
03/07-10:51:55.143689 ,"ICMP PING",202.77.162.213,,172.16.113.242,
03/07-10:51:55.169151 ,"ICMP PING",202.77.162.213,,172.16.113.243,
03/07-10:51:55.194521 ,"ICMP PING",202.77.162.213,,172.16.113.244,
03/07-10:51:55.220047 ,"ICMP PING",202.77.162.213,,172.16.113.245,
03/07-10:51:55.245424 ,"ICMP PING",202.77.162.213,,172.16.113.246,
03/07-10:51:55.270667 ,"ICMP PING",202.77.162.213,,172.16.113.247,
03/07-10:51:55.296135 ,"ICMP PING",202.77.162.213,,172.16.113.248,
03/07-10:51:55.321426 ,"ICMP PING",202.77.162.213,,172.16.113.249,
03/07-10:51:55.347027 ,"ICMP PING",202.77.162.213,,172.16.113.250,
03/07-10:51:55.453225 ,"ICMP PING",202.77.162.213,,172.16.113.251,
03/07-10:51:55.478742 ,"ICMP PING",202.77.162.213,,172.16.113.252,
03/07-10:51:55.504170 ,"ICMP PING",202.77.162.213,,172.16.113.253,
03/07-10:51:55.529597 ,"ICMP PING",202.77.162.213,,172.16.113.254,
03/07-10:51:55.555037 ,"ICMP PING",202.77.162.213,,172.16.112.1,
03/07-10:51:55.562846 ,"ICMP Echo Reply",172.16.112.1,,202.77.162.213,
03/07-10:51:55.580904 ,"ICMP PING",202.77.162.213,,172.16.112.2,
03/07-10:51:55.606210 ,"ICMP PING",202.77.162.213,,172.16.112.3,
03/07-10:51:55.631731 ,"ICMP PING",202.77.162.213,,172.16.112.4,
03/07-10:51:55.657371 ,"ICMP PING",202.77.162.213,,172.16.112.5,
03/07-10:51:55.682917 ,"ICMP PING",202.77.162.213,,172.16.112.6,
03/07-10:51:55.708336 ,"ICMP PING",202.77.162.213,,172.16.112.7,
03/07-10:51:55.733863 ,"ICMP PING",202.77.162.213,,172.16.112.8,
03/07-10:51:55.759466 ,"ICMP PING",202.77.162.213,,172.16.112.9,
03/07-10:51:55.784998 ,"ICMP PING",202.77.162.213,,172.16.112.10,
03/07-10:51:55.795063 ,"ICMP Echo Reply",172.16.112.10,,202.77.162.213,
03/07-10:51:55.810912 ,"ICMP PING",202.77.162.213,,172.16.112.11,
03/07-10:51:55.836474 ,"ICMP PING",202.77.162.213,,172.16.112.12,
03/07-10:51:55.862105 ,"ICMP PING",202.77.162.213,,172.16.112.13,
03/07-10:51:55.887565 ,"ICMP PING",202.77.162.213,,172.16.112.14,
03/07-10:51:55.912952 ,"ICMP PING",202.77.162.213,,172.16.112.15,
03/07-10:51:55.938372 ,"ICMP PING",202.77.162.213,,172.16.112.16,
03/07-10:51:55.963830 ,"ICMP PING",202.77.162.213,,172.16.112.17,
03/07-10:51:55.989140 ,"ICMP PING",202.77.162.213,,172.16.112.18,
03/07-10:51:56.014665 ,"ICMP PING",202.77.162.213,,172.16.112.19,
03/07-10:51:56.040014 ,"ICMP PING",202.77.162.213,,172.16.112.20,
03/07-10:51:56.065501 ,"ICMP PING",202.77.162.213,,172.16.112.21,
03/07-10:51:56.090895 ,"ICMP PING",202.77.162.213,,172.16.112.22,
03/07-10:51:56.116560 ,"ICMP PING",202.77.162.213,,172.16.112.23,
03/07-10:51:56.142051 ,"ICMP PING",202.77.162.213,,172.16.112.24,
03/07-10:51:56.167567 ,"ICMP PING",202.77.162.213,,172.16.112.25,
03/07-10:51:56.193035 ,"ICMP PING",202.77.162.213,,172.16.112.26,
03/07-10:51:56.218633 ,"ICMP PING",202.77.162.213,,172.16.112.27,
03/07-10:51:56.244148 ,"ICMP PING",202.77.162.213,,172.16.112.28,
03/07-10:51:56.269627 ,"ICMP PING",202.77.162.213,,172.16.112.29,
03/07-10:51:56.295069 ,"ICMP PING",202.77.162.213,,172.16.112.30,
03/07-10:51:56.320493 ,"ICMP PING",202.77.162.213,,172.16.112.31,
03/07-10:51:56.346155 ,"ICMP PING",202.77.162.213,,172.16.112.32,
03/07-10:51:56.371580 ,"ICMP PING",202.77.162.213,,172.16.112.33,
03/07-10:51:56.396950 ,"ICMP PING",202.77.162.213,,172.16.112.34,
03/07-10:51:56.422397 ,"ICMP PING",202.77.162.213,,172.16.112.35,
03/07-10:51:56.447865 ,"ICMP PING",202.77.162.213,,172.16.112.36,
03/07-10:51:56.473170 ,"ICMP PING",202.77.162.213,,172.16.112.37,
03/07-10:51:56.498653 ,"ICMP PING",202.77.162.213,,172.16.112.38,
03/07-10:51:56.523950 ,"ICMP PING",202.77.162.213,,172.16.112.39,
03/07-10:51:56.549487 ,"ICMP PING",202.77.162.213,,172.16.112.40,
03/07-10:51:56.575176 ,"ICMP PING",202.77.162.213,,172.16.112.41,
03/07-10:51:56.600652 ,"ICMP PING",202.77.162.213,,172.16.112.42,
03/07-10:51:56.626047 ,"ICMP PING",202.77.162.213,,172.16.112.43,
03/07-10:51:56.651633 ,"ICMP PING",202.77.162.213,,172.16.112.44,
03/07-10:51:56.677161 ,"ICMP PING",202.77.162.213,,172.16.112.45,
03/07-10:51:56.702646 ,"ICMP PING",202.77.162.213,,172.16.112.46,
03/07-10:51:56.728170 ,"ICMP PING",202.77.162.213,,172.16.112.47,
03/07-10:51:56.753628 ,"ICMP PING",202.77.162.213,,172.16.112.48,
03/07-10:51:56.779035 ,"ICMP PING",202.77.162.213,,172.16.112.49,
03/07-10:51:56.804447 ,"ICMP PING",202.77.162.213,,172.16.112.50,
03/07-10:51:56.812684 ,"ICMP Echo Reply",172.16.112.50,,202.77.162.213,
03/07-10:51:56.830325 ,"ICMP PING",202.77.162.213,,172.16.112.51,
03/07-10:51:56.855789 ,"ICMP PING",202.77.162.213,,172.16.112.52,
03/07-10:51:56.881258 ,"ICMP PING",202.77.162.213,,172.16.112.53,
03/07-10:51:56.906645 ,"ICMP PING",202.77.162.213,,172.16.112.54,
03/07-10:51:56.932116 ,"ICMP PING",202.77.162.213,,172.16.112.55,
03/07-10:51:56.957591 ,"ICMP PING",202.77.162.213,,172.16.112.56,
03/07-10:51:56.983173 ,"ICMP PING",202.77.162.213,,172.16.112.57,
03/07-10:51:57.008635 ,"ICMP PING",202.77.162.213,,172.16.112.58,
03/07-10:51:57.034210 ,"ICMP PING",202.77.162.213,,172.16.112.59,
03/07-10:51:57.059753 ,"ICMP PING",202.77.162.213,,172.16.112.60,
03/07-10:51:57.085327 ,"ICMP PING",202.77.162.213,,172.16.112.61,
03/07-10:51:57.111062 ,"ICMP PING",202.77.162.213,,172.16.112.62,
03/07-10:51:57.136684 ,"ICMP PING",202.77.162.213,,172.16.112.63,
03/07-10:51:57.162220 ,"ICMP PING",202.77.162.213,,172.16.112.64,
03/07-10:51:57.187797 ,"ICMP PING",202.77.162.213,,172.16.112.65,
03/07-10:51:57.213275 ,"ICMP PING",202.77.162.213,,172.16.112.66,
03/07-10:51:57.238834 ,"ICMP PING",202.77.162.213,,172.16.112.67,
03/07-10:51:57.264330 ,"ICMP PING",202.77.162.213,,172.16.112.68,
03/07-10:51:57.289757 ,"ICMP PING",202.77.162.213,,172.16.112.69,
03/07-10:51:57.315261 ,"ICMP PING",202.77.162.213,,172.16.112.70,
03/07-10:51:57.340713 ,"ICMP PING",202.77.162.213,,172.16.112.71,
03/07-10:51:57.366300 ,"ICMP PING",202.77.162.213,,172.16.112.72,
03/07-10:51:57.392019 ,"ICMP PING",202.77.162.213,,172.16.112.73,
03/07-10:51:57.417561 ,"ICMP PING",202.77.162.213,,172.16.112.74,
03/07-10:51:57.443004 ,"ICMP PING",202.77.162.213,,172.16.112.75,
03/07-10:51:57.468560 ,"ICMP PING",202.77.162.213,,172.16.112.76,
03/07-10:51:57.494025 ,"ICMP PING",202.77.162.213,,172.16.112.77,
03/07-10:51:57.519541 ,"ICMP PING",202.77.162.213,,172.16.112.78,
03/07-10:51:57.545058 ,"ICMP PING",202.77.162.213,,172.16.112.79,
03/07-10:51:57.570769 ,"ICMP PING",202.77.162.213,,172.16.112.80,
03/07-10:51:57.596301 ,"ICMP PING",202.77.162.213,,172.16.112.81,
03/07-10:51:57.621784 ,"ICMP PING",202.77.162.213,,172.16.112.82,
03/07-10:51:57.647208 ,"ICMP PING",202.77.162.213,,172.16.112.83,
03/07-10:51:57.672566 ,"ICMP PING",202.77.162.213,,172.16.112.84,
03/07-10:51:57.697938 ,"ICMP PING",202.77.162.213,,172.16.112.85,
03/07-10:51:57.723297 ,"ICMP PING",202.77.162.213,,172.16.112.86,
03/07-10:51:57.748672 ,"ICMP PING",202.77.162.213,,172.16.112.87,
03/07-10:51:57.774075 ,"ICMP PING",202.77.162.213,,172.16.112.88,
03/07-10:51:57.799493 ,"ICMP PING",202.77.162.213,,172.16.112.89,
03/07-10:51:57.824776 ,"ICMP PING",202.77.162.213,,172.16.112.90,
03/07-10:51:57.850305 ,"ICMP PING",202.77.162.213,,172.16.112.91,
03/07-10:51:57.875626 ,"ICMP PING",202.77.162.213,,172.16.112.92,
03/07-10:51:57.901133 ,"ICMP PING",202.77.162.213,,172.16.112.93,
03/07-10:51:57.926580 ,"ICMP PING",202.77.162.213,,172.16.112.94,
03/07-10:51:57.952828 ,"ICMP PING",202.77.162.213,,172.16.112.95,
03/07-10:51:57.978449 ,"ICMP PING",202.77.162.213,,172.16.112.96,
03/07-10:51:58.003921 ,"ICMP PING",202.77.162.213,,172.16.112.97,
03/07-10:51:58.029419 ,"ICMP PING",202.77.162.213,,172.16.112.98,
03/07-10:51:58.054868 ,"ICMP PING",202.77.162.213,,172.16.112.99,
03/07-10:51:58.080335 ,"ICMP PING",202.77.162.213,,172.16.112.100,
03/07-10:51:58.088564 ,"ICMP Echo Reply",172.16.112.100,,202.77.162.213,
03/07-10:51:58.106200 ,"ICMP PING",202.77.162.213,,172.16.112.101,
03/07-10:51:58.131785 ,"ICMP PING",202.77.162.213,,172.16.112.102,
03/07-10:51:58.157172 ,"ICMP PING",202.77.162.213,,172.16.112.103,
03/07-10:51:58.182616 ,"ICMP PING",202.77.162.213,,172.16.112.104,
03/07-10:51:58.207941 ,"ICMP PING",202.77.162.213,,172.16.112.105,
03/07-10:51:58.221723 ,"ICMP Echo Reply",172.16.112.105,,202.77.162.213,
03/07-10:51:58.233809 ,"ICMP PING",202.77.162.213,,172.16.112.106,
03/07-10:51:58.259118 ,"ICMP PING",202.77.162.213,,172.16.112.107,
03/07-10:51:58.284618 ,"ICMP PING",202.77.162.213,,172.16.112.108,
03/07-10:51:58.309983 ,"ICMP PING",202.77.162.213,,172.16.112.109,
03/07-10:51:58.335467 ,"ICMP PING",202.77.162.213,,172.16.112.110,
03/07-10:51:58.361193 ,"ICMP PING",202.77.162.213,,172.16.112.111,
03/07-10:51:58.386726 ,"ICMP PING",202.77.162.213,,172.16.112.112,
03/07-10:51:58.412373 ,"ICMP PING",202.77.162.213,,172.16.112.113,
03/07-10:51:58.437634 ,"ICMP PING",202.77.162.213,,172.16.112.114,
03/07-10:51:58.463123 ,"ICMP PING",202.77.162.213,,172.16.112.115,
03/07-10:51:58.488605 ,"ICMP PING",202.77.162.213,,172.16.112.116,
03/07-10:51:58.513950 ,"ICMP PING",202.77.162.213,,172.16.112.117,
03/07-10:51:58.539489 ,"ICMP PING",202.77.162.213,,172.16.112.118,
03/07-10:51:58.564869 ,"ICMP PING",202.77.162.213,,172.16.112.119,
03/07-10:51:58.590353 ,"ICMP PING",202.77.162.213,,172.16.112.120,
03/07-10:51:58.615759 ,"ICMP PING",202.77.162.213,,172.16.112.121,
03/07-10:51:58.641202 ,"ICMP PING",202.77.162.213,,172.16.112.122,
03/07-10:51:58.666707 ,"ICMP PING",202.77.162.213,,172.16.112.123,
03/07-10:51:58.692116 ,"ICMP PING",202.77.162.213,,172.16.112.124,
03/07-10:51:58.717550 ,"ICMP PING",202.77.162.213,,172.16.112.125,
03/07-10:51:58.742855 ,"ICMP PING",202.77.162.213,,172.16.112.126,
03/07-10:51:58.768354 ,"ICMP PING",202.77.162.213,,172.16.112.127,
03/07-10:51:58.793694 ,"ICMP PING",202.77.162.213,,172.16.112.128,
03/07-10:51:58.819216 ,"ICMP PING",202.77.162.213,,172.16.112.129,
03/07-10:51:58.844599 ,"ICMP PING",202.77.162.213,,172.16.112.130,
03/07-10:51:58.870136 ,"ICMP PING",202.77.162.213,,172.16.112.131,
03/07-10:51:58.895841 ,"ICMP PING",202.77.162.213,,172.16.112.132,
03/07-10:51:58.921322 ,"ICMP PING",202.77.162.213,,172.16.112.133,
03/07-10:51:58.947025 ,"ICMP PING",202.77.162.213,,172.16.112.134,
03/07-10:51:58.972622 ,"ICMP PING",202.77.162.213,,172.16.112.135,
03/07-10:51:58.998100 ,"ICMP PING",202.77.162.213,,172.16.112.136,
03/07-10:51:59.023567 ,"ICMP PING",202.77.162.213,,172.16.112.137,
03/07-10:51:59.049007 ,"ICMP PING",202.77.162.213,,172.16.112.138,
03/07-10:51:59.074476 ,"ICMP PING",202.77.162.213,,172.16.112.139,
03/07-10:51:59.099945 ,"ICMP PING",202.77.162.213,,172.16.112.140,
03/07-10:51:59.125488 ,"ICMP PING",202.77.162.213,,172.16.112.141,
03/07-10:51:59.151109 ,"ICMP PING",202.77.162.213,,172.16.112.142,
03/07-10:51:59.176409 ,"ICMP PING",202.77.162.213,,172.16.112.143,
03/07-10:51:59.201896 ,"ICMP PING",202.77.162.213,,172.16.112.144,
03/07-10:51:59.227196 ,"ICMP PING",202.77.162.213,,172.16.112.145,
03/07-10:51:59.252651 ,"ICMP PING",202.77.162.213,,172.16.112.146,
03/07-10:51:59.278122 ,"ICMP PING",202.77.162.213,,172.16.112.147,
03/07-10:51:59.303609 ,"ICMP PING",202.77.162.213,,172.16.112.148,
03/07-10:51:59.329047 ,"ICMP PING",202.77.162.213,,172.16.112.149,
03/07-10:51:59.354523 ,"ICMP PING",202.77.162.213,,172.16.112.150,
03/07-10:51:59.380139 ,"ICMP PING",202.77.162.213,,172.16.112.151,
03/07-10:51:59.405688 ,"ICMP PING",202.77.162.213,,172.16.112.152,
03/07-10:51:59.431210 ,"ICMP PING",202.77.162.213,,172.16.112.153,
03/07-10:51:59.456719 ,"ICMP PING",202.77.162.213,,172.16.112.154,
03/07-10:51:59.482435 ,"ICMP PING",202.77.162.213,,172.16.112.155,
03/07-10:51:59.507965 ,"ICMP PING",202.77.162.213,,172.16.112.156,
03/07-10:51:59.533377 ,"ICMP PING",202.77.162.213,,172.16.112.157,
03/07-10:51:59.558798 ,"ICMP PING",202.77.162.213,,172.16.112.158,
03/07-10:51:59.584259 ,"ICMP PING",202.77.162.213,,172.16.112.159,
03/07-10:51:59.609636 ,"ICMP PING",202.77.162.213,,172.16.112.160,
03/07-10:51:59.635047 ,"ICMP PING",202.77.162.213,,172.16.112.161,
03/07-10:51:59.660336 ,"ICMP PING",202.77.162.213,,172.16.112.162,
03/07-10:51:59.685858 ,"ICMP PING",202.77.162.213,,172.16.112.163,
03/07-10:51:59.711152 ,"ICMP PING",202.77.162.213,,172.16.112.164,
03/07-10:51:59.736637 ,"ICMP PING",202.77.162.213,,172.16.112.165,
03/07-10:51:59.761988 ,"ICMP PING",202.77.162.213,,172.16.112.166,
03/07-10:51:59.787504 ,"ICMP PING",202.77.162.213,,172.16.112.167,
03/07-10:51:59.812883 ,"ICMP PING",202.77.162.213,,172.16.112.168,
03/07-10:51:59.838368 ,"ICMP PING",202.77.162.213,,172.16.112.169,
03/07-10:51:59.863798 ,"ICMP PING",202.77.162.213,,172.16.112.170,
03/07-10:51:59.889403 ,"ICMP PING",202.77.162.213,,172.16.112.171,
03/07-10:51:59.914869 ,"ICMP PING",202.77.162.213,,172.16.112.172,
03/07-10:51:59.940398 ,"ICMP PING",202.77.162.213,,172.16.112.173,
03/07-10:51:59.965848 ,"ICMP PING",202.77.162.213,,172.16.112.174,
03/07-10:51:59.991310 ,"ICMP PING",202.77.162.213,,172.16.112.175,
03/07-10:52:00.016845 ,"ICMP PING",202.77.162.213,,172.16.112.176,
03/07-10:52:00.042297 ,"ICMP PING",202.77.162.213,,172.16.112.177,
03/07-10:52:00.067618 ,"ICMP PING",202.77.162.213,,172.16.112.178,
03/07-10:52:00.092985 ,"ICMP PING",202.77.162.213,,172.16.112.179,
03/07-10:52:00.118378 ,"ICMP PING",202.77.162.213,,172.16.112.180,
03/07-10:52:00.143723 ,"ICMP PING",202.77.162.213,,172.16.112.181,
03/07-10:52:00.169252 ,"ICMP PING",202.77.162.213,,172.16.112.182,
03/07-10:52:00.194551 ,"ICMP PING",202.77.162.213,,172.16.112.183,
03/07-10:52:00.220266 ,"ICMP PING",202.77.162.213,,172.16.112.184,
03/07-10:52:00.245654 ,"ICMP PING",202.77.162.213,,172.16.112.185,
03/07-10:52:00.271015 ,"ICMP PING",202.77.162.213,,172.16.112.186,
03/07-10:52:00.296439 ,"ICMP PING",202.77.162.213,,172.16.112.187,
03/07-10:52:00.321997 ,"ICMP PING",202.77.162.213,,172.16.112.188,
03/07-10:52:00.347421 ,"ICMP PING",202.77.162.213,,172.16.112.189,
03/07-10:52:00.373839 ,"ICMP PING",202.77.162.213,,172.16.112.190,
03/07-10:52:00.399533 ,"ICMP PING",202.77.162.213,,172.16.112.191,
03/07-10:52:00.425285 ,"ICMP PING",202.77.162.213,,172.16.112.192,
03/07-10:52:00.450729 ,"ICMP PING",202.77.162.213,,172.16.112.193,
03/07-10:52:00.476128 ,"ICMP PING",202.77.162.213,,172.16.112.194,
03/07-10:52:00.484338 ,"ICMP Echo Reply",172.16.112.194,,202.77.162.213,
03/07-10:52:00.501958 ,"ICMP PING",202.77.162.213,,172.16.112.195,
03/07-10:52:00.527343 ,"ICMP PING",202.77.162.213,,172.16.112.196,
03/07-10:52:00.552723 ,"ICMP PING",202.77.162.213,,172.16.112.197,
03/07-10:52:00.578065 ,"ICMP PING",202.77.162.213,,172.16.112.198,
03/07-10:52:00.603548 ,"ICMP PING",202.77.162.213,,172.16.112.199,
03/07-10:52:00.628995 ,"ICMP PING",202.77.162.213,,172.16.112.200,
03/07-10:52:00.654490 ,"ICMP PING",202.77.162.213,,172.16.112.201,
03/07-10:52:00.679951 ,"ICMP PING",202.77.162.213,,172.16.112.202,
03/07-10:52:00.705507 ,"ICMP PING",202.77.162.213,,172.16.112.203,
03/07-10:52:00.731013 ,"ICMP PING",202.77.162.213,,172.16.112.204,
03/07-10:52:00.756566 ,"ICMP PING",202.77.162.213,,172.16.112.205,
03/07-10:52:00.782134 ,"ICMP PING",202.77.162.213,,172.16.112.206,
03/07-10:52:00.807659 ,"ICMP PING",202.77.162.213,,172.16.112.207,
03/07-10:52:00.833104 ,"ICMP PING",202.77.162.213,,172.16.112.208,
03/07-10:52:00.858600 ,"ICMP PING",202.77.162.213,,172.16.112.209,
03/07-10:52:00.883975 ,"ICMP PING",202.77.162.213,,172.16.112.210,
03/07-10:52:00.909467 ,"ICMP PING",202.77.162.213,,172.16.112.211,
03/07-10:52:00.934868 ,"ICMP PING",202.77.162.213,,172.16.112.212,
03/07-10:52:00.960440 ,"ICMP PING",202.77.162.213,,172.16.112.213,
03/07-10:52:00.985893 ,"ICMP PING",202.77.162.213,,172.16.112.214,
03/07-10:52:01.011318 ,"ICMP PING",202.77.162.213,,172.16.112.215,
03/07-10:52:01.036824 ,"ICMP PING",202.77.162.213,,172.16.112.216,
03/07-10:52:01.062170 ,"ICMP PING",202.77.162.213,,172.16.112.217,
03/07-10:52:01.087743 ,"ICMP PING",202.77.162.213,,172.16.112.218,
03/07-10:52:01.113200 ,"ICMP PING",202.77.162.213,,172.16.112.219,
03/07-10:52:01.138744 ,"ICMP PING",202.77.162.213,,172.16.112.220,
03/07-10:52:01.164295 ,"ICMP PING",202.77.162.213,,172.16.112.221,
03/07-10:52:01.189821 ,"ICMP PING",202.77.162.213,,172.16.112.222,
03/07-10:52:01.215262 ,"ICMP PING",202.77.162.213,,172.16.112.223,
03/07-10:52:01.240843 ,"ICMP PING",202.77.162.213,,172.16.112.224,
03/07-10:52:01.266361 ,"ICMP PING",202.77.162.213,,172.16.112.225,
03/07-10:52:01.291868 ,"ICMP PING",202.77.162.213,,172.16.112.226,
03/07-10:52:01.317341 ,"ICMP PING",202.77.162.213,,172.16.112.227,
03/07-10:52:01.342807 ,"ICMP PING",202.77.162.213,,172.16.112.228,
03/07-10:52:01.368514 ,"ICMP PING",202.77.162.213,,172.16.112.229,
03/07-10:52:01.394387 ,"ICMP PING",202.77.162.213,,172.16.112.230,
03/07-10:52:01.419896 ,"ICMP PING",202.77.162.213,,172.16.112.231,
03/07-10:52:01.445356 ,"ICMP PING",202.77.162.213,,172.16.112.232,
03/07-10:52:01.470840 ,"ICMP PING",202.77.162.213,,172.16.112.233,
03/07-10:52:01.496252 ,"ICMP PING",202.77.162.213,,172.16.112.234,
03/07-10:52:01.521867 ,"ICMP PING",202.77.162.213,,172.16.112.235,
03/07-10:52:01.547279 ,"ICMP PING",202.77.162.213,,172.16.112.236,
03/07-10:52:01.572817 ,"ICMP PING",202.77.162.213,,172.16.112.237,
03/07-10:52:01.598284 ,"ICMP PING",202.77.162.213,,172.16.112.238,
03/07-10:52:01.623783 ,"ICMP PING",202.77.162.213,,172.16.112.239,
03/07-10:52:01.649268 ,"ICMP PING",202.77.162.213,,172.16.112.240,
03/07-10:52:01.674832 ,"ICMP PING",202.77.162.213,,172.16.112.241,
03/07-10:52:01.700337 ,"ICMP PING",202.77.162.213,,172.16.112.242,
03/07-10:52:01.725888 ,"ICMP PING",202.77.162.213,,172.16.112.243,
03/07-10:52:01.751332 ,"ICMP PING",202.77.162.213,,172.16.112.244,
03/07-10:52:01.776818 ,"ICMP PING",202.77.162.213,,172.16.112.245,
03/07-10:52:01.802250 ,"ICMP PING",202.77.162.213,,172.16.112.246,
03/07-10:52:01.827703 ,"ICMP PING",202.77.162.213,,172.16.112.247,
03/07-10:52:01.853170 ,"ICMP PING",202.77.162.213,,172.16.112.248,
03/07-10:52:01.878579 ,"ICMP PING",202.77.162.213,,172.16.112.249,
03/07-10:52:01.904005 ,"ICMP PING",202.77.162.213,,172.16.112.250,
03/07-10:52:01.929621 ,"ICMP PING",202.77.162.213,,172.16.112.251,
03/07-10:52:01.955172 ,"ICMP PING",202.77.162.213,,172.16.112.252,
03/07-10:52:01.980529 ,"ICMP PING",202.77.162.213,,172.16.112.253,
03/07-10:52:02.006110 ,"ICMP PING",202.77.162.213,,172.16.112.254,
